{
  "id": "ark.devnet",
  "name": "ARK Devnet",
  "title": "ARK Devnet",
  "server": "https://dexplorer.ark.io:8443",
  "description": "The ARK Devnet is only used for R&D by engineers.",
  "imagePath": "networks/ark.devnet.svg",
  "apiVersion": 2,
  "slip44": "1",
  "market": {
    "enabled": false,
    "ticker": null
  },
  "feeStatistics": [
    {
      "type": 0,
      "fees": {
        "avgFee": 10000000,
        "maxFee": 10000000,
        "minFee": 10000000
      }
    },
    {
      "type": 1,
      "fees": {
        "avgFee": 500000000,
        "maxFee": 500000000,
        "minFee": 500000000
      }
    },
    {
      "type": 2,
      "fees": {
        "avgFee": 2500000000,
        "maxFee": 2500000000,
        "minFee": 2500000000
      }
    },
    {
      "type": 3,
      "fees": {
        "avgFee": 100000000,
        "maxFee": 100000000,
        "minFee": 100000000
      }
    }
  ],
  "constants": {
    "activeDelegates": 51,
    "epoch": "2017-03-21T13:00:00.000Z"
  },
  "vendorField": {
    "maxLength": 255
  },
  "nethash": "2a44f340d76ffc3df204c5f38cd355b7496c9065a1ade2ef92071436bd72e867",
  "explorer": "https://dexplorer.ark.io",
  "token": "DARK",
  "subunit": "darktoshi",
  "symbol": "DѦ",
  "fractionDigits": 8,
  "version": 30,
  "wif": 170,
  "knownWallets": {}
}
