{
  "id": "ark.mainnet",
  "name": "ARK Mainnet",
  "title": "ARK Mainnet",
  "server": "https://explorer.ark.io:8443",
  "description": "The ARK Mainnet should be chosen in most cases.",
  "imagePath": "networks/ark.png",
  "apiVersion": 2,
  "slip44": "111",
  "market": {
    "enabled": true,
    "ticker": "ARK"
  },
  "feeStatistics": [
    {
      "type": 0,
      "fees": {
        "avgFee": 10000000,
        "maxFee": 10000000,
        "minFee": 10000000
      }
    },
    {
      "type": 1,
      "fees": {
        "avgFee": 500000000,
        "maxFee": 500000000,
        "minFee": 500000000
      }
    },
    {
      "type": 2,
      "fees": {
        "avgFee": 2500000000,
        "maxFee": 2500000000,
        "minFee": 2500000000
      }
    },
    {
      "type": 3,
      "fees": {
        "avgFee": 100000000,
        "maxFee": 100000000,
        "minFee": 100000000
      }
    }
  ],
  "constants": {
    "activeDelegates": 51,
    "epoch": "2017-03-21T13:00:00.000Z"
  },
  "vendorField": {
    "maxLength": 255
  },
  "nethash": "6e84d08bd299ed97c212c886c98a57e36545c8f5d645ca7eeae63a8bd62d8988",
  "explorer": "https://explorer.ark.io",
  "token": "ARK",
  "subunit": "arktoshi",
  "symbol": "Ѧ",
  "fractionDigits": 8,
  "version": 23,
  "wif": 170,
  "knownWallets": {
    "AagJoLEnpXYkxYdYkmdDSNMLjjBkLJ6T67": "ACF Hot Wallet",
    "AWkBFnqvCF4jhqPSdE2HBPJiwaf67tgfGR": "ACF Hot Wallet (old)",
    "ANvR7ny44GrLy4NTfuVqjGYr4EAwK7vnkW": "Altilly",
    "AYCTHSZionfGoQsRnv5gECEuFWcZXS38gs": "Ark Bounty",
    "AZmQJ2P9xg5j6VPZWjcTzWDD4w7Qww2KGX": "Ark GitHub Bounty",
    "ANkHGk5uZqNrKFNY5jtd4A88zzFR3LnJbe": "Ark Hot Wallet",
    "ALgvTAoz5Vi9easHqBK6aEMKatHb4beCXm": "Ark Shield I",
    "AdTyTzaXPtj1J1DzTgVksa9NYdUuXCRbm1": "Ark Shield II",
    "AUDud8tvyVZa67p3QY7XPRUTjRGnWQQ9Xv": "Ark Team",
    "AFrPtEmzu6wdVpa2CnRDEKGQQMWgq8nE9V": "Binance",
    "AQkyi31gUbLuFp7ArgH9hUCewg22TkxWpk": "Binance Cold Wallet",
    "AdS7WvzqusoP759qRo6HDmUz2L34u4fMHz": "Binance Cold Wallet II",
    "Aakg29vVhQhJ5nrsAHysTUqkTBVfmgBSXU": "Binance Cold Wallet III",
    "AUexKjGtgsSpVzPLs6jNMM6vJ6znEVTQWK": "Bittrex",
    "AdA5THjiVFAWhcMo5QyTKF1Y6d39bnPR2F": "Changelly",
    "AcPwcdDbrprJf8FNCE3dKZaTvPJT8y4Cqi": "COSS",
    "AJbmGnDAx9y91MQCDApyaqZhn6fBvYX9iJ": "Cryptopia",
    "AewxfHQobSc49a4radHp74JZCGP8LRe4xA": "Genesis Wallet",
    "AcVHEfEmFJkgoyuNczpgyxEA3MZ747DRAu": "Livecoin",
    "ARXhacG5MPdT1ehWPTPo8jtfC5NrS29eKS": "OKEx",
    "ANQftoXeWoa9ud9q9dd2ZrUpuKinpdejAJ": "Upbit"
  }
}
